{
  "n_prompts": 50,
  "max_new_tokens": 100,
  "batch_size": 8,
  "results": {
    "serial": {
      "time": 51.17376899719238,
      "gen_tokens": 3642,
      "qps": 0.9770630731291888,
      "tps": 71.16927424673011
    },
    "batch": {
      "time": 10.313038110733032,
      "gen_tokens": 3617,
      "qps": 4.848231865638485,
      "tps": 350.721093160288
    },
    "vllm": {
      "time": 0.8359050750732422,
      "gen_tokens": 3441,
      "qps": 59.815404273767555,
      "tps": 4116.496122120683
    }
  }
}