{
  "platform": "Mac M4 32GB (vllm-metal)",
  "n_prompts": 50,
  "max_new_tokens": 100,
  "batch_size": 8,
  "results": {
    "serial": {
      "time": 165.1589822769165,
      "gen_tokens": 5000,
      "qps": 0.3027386056192008,
      "tps": 30.27386056192008
    },
    "batch": {
      "time": 38.76564931869507,
      "gen_tokens": 5000,
      "qps": 1.2898016898658542,
      "tps": 128.98016898658543
    },
    "vllm": {
      "time": 9.321033954620361,
      "gen_tokens": 4592,
      "qps": 5.3642117648563445,
      "tps": 492.6492084844067
    }
  }
}