method,false_negative,false_positive,errors,error_rate
BiEncoder + BM25,699,1173,1872,0.21721977256904154
CrossEncoder,560,1292,1852,0.214899048503133
LLM SFT LoRA,767,1526,2293,0.2660710141564168
LLM Zero-shot,672,2494,3166,0.3673706196333256
bi_cosine,511,1536,2047,0.23752610814574146
bi_triplet,563,1272,1835,0.2129264330471107
