{
  "n_prompts": 50,
  "max_new_tokens": 100,
  "batch_size": 8,
  "results": {
    "serial": {
      "time": 79.14099097251892,
      "gen_tokens": 3639,
      "qps": 0.6317838503862316,
      "tps": 45.981228631109936
    },
    "batch": {
      "time": 14.889472961425781,
      "gen_tokens": 3711,
      "qps": 3.3580772220437356,
      "tps": 249.23649142008605
    },
    "vllm": {
      "time": 1.6449005603790283,
      "gen_tokens": 3414,
      "qps": 30.396974263586294,
      "tps": 2075.5054027176725
    }
  }
}