dataset,method,validation_rows,test_rows,accuracy,precision,recall,f1,roc_auc,pr_auc,threshold,tn,fp,fn,tp
lcqmc,bi_cosine,8802,12500,0.7776,0.7117919921875,0.93296,0.8075058856114111,0.9138439168,0.9216430779549372,0.7471335530281067,3889,2361,419,5831
lcqmc,bi_triplet,8802,12500,0.82648,0.7807126152152979,0.908,0.8395591389895702,0.9237062527999998,0.9270731402231486,0.7579765319824219,4656,1594,575,5675
lcqmc,CrossEncoder,8802,12500,0.79144,0.7193785378778754,0.95568,0.8208616780045351,0.9282711936,0.9305449112737204,-0.436832994222641,3920,2330,277,5973
lcqmc,BiEncoder + BM25,8802,12500,0.8356,0.8139500074839096,0.87008,0.8410795762122032,0.9133676288,0.9067218492971283,0.029787839363018834,5007,1243,812,5438
lcqmc,LLM Zero-shot,8802,12500,0.76576,0.7085635359116023,0.90288,0.794005909666526,0.8768617343999999,0.8751945989082386,2.359375,3929,2321,607,5643
lcqmc,LLM SFT LoRA,8802,12500,0.77968,0.7167121249690057,0.92496,0.8076278290025146,0.9018495744,0.9045893964777864,-0.203125,3965,2285,469,5781
