{
  "dataset": "lcqmc",
  "steps": 200,
  "seconds": 41.90599999999904,
  "mean_loss": 0.3541598034478579
}