{
  "n_prompts": 50,
  "max_new_tokens": 100,
  "batch_size": 8,
  "results": {
    "serial": {
      "time": 69.49651145935059,
      "gen_tokens": 5000,
      "qps": 0.7194605736324715,
      "tps": 71.94605736324715
    },
    "batch": {
      "time": 10.54017686843872,
      "gen_tokens": 5000,
      "qps": 4.7437534136375765,
      "tps": 474.3753413637576
    },
    "vllm": {
      "time": 0.8277721405029297,
      "gen_tokens": 4562,
      "qps": 60.4030959167356,
      "tps": 5511.178471442956
    }
  }
}