{
  "n_prompts": 50,
  "max_new_tokens": 100,
  "batch_size": 8,
  "results": {
    "serial": {
      "time": 180.07491540908813,
      "gen_tokens": 5000,
      "qps": 0.27766221567513544,
      "tps": 27.766221567513544
    },
    "batch": {
      "time": 32.92990684509277,
      "gen_tokens": 5000,
      "qps": 1.5183766001892294,
      "tps": 151.83766001892295
    },
    "vllm": {
      "time": 14.78109359741211,
      "gen_tokens": 4541,
      "qps": 3.382699640624294,
      "tps": 307.2167813614984
    }
  }
}