{
  "device": "cpu",
  "n_prompts": 50,
  "max_new_tokens": 100,
  "batch_size": 8,
  "results": {
    "serial": {
      "time": 161.14120602607727,
      "gen_tokens": 5000,
      "qps": 0.3102868672331307,
      "tps": 31.028686723313072
    },
    "batch": {
      "time": 44.142516136169434,
      "gen_tokens": 5000,
      "qps": 1.1326948342899528,
      "tps": 113.26948342899527
    }
  }
}
