{
  "n_prompts": 50,
  "max_new_tokens": 100,
  "batch_size": 8,
  "results": {
    "serial": {
      "time": 77.2965202331543,
      "gen_tokens": 3639,
      "qps": 0.6468596496864528,
      "tps": 47.078445304180036
    },
    "batch": {
      "time": 14.236832857131958,
      "gen_tokens": 3711,
      "qps": 3.5120170688070163,
      "tps": 260.66190684685677
    },
    "vllm": {
      "time": 1.201357126235962,
      "gen_tokens": 3492,
      "qps": 41.61959746029705,
      "tps": 2906.712686627146
    }
  }
}