{
  "n_prompts": 50,
  "max_new_tokens": 100,
  "batch_size": 8,
  "results": {
    "serial": {
      "time": 69.54439520835876,
      "gen_tokens": 5000,
      "qps": 0.7189651998582675,
      "tps": 71.89651998582676
    },
    "batch": {
      "time": 11.361459493637085,
      "gen_tokens": 5000,
      "qps": 4.4008430455613725,
      "tps": 440.0843045561373
    },
    "vllm": {
      "time": 0.9449725151062012,
      "gen_tokens": 4583,
      "qps": 52.91159181955755,
      "tps": 4849.876506180645
    }
  }
}