{
  "n_prompts": 50,
  "max_new_tokens": 100,
  "batch_size": 8,
  "results": {
    "serial": {
      "time": 59.22246551513672,
      "gen_tokens": 5000,
      "qps": 0.8442742051531181,
      "tps": 84.42742051531181
    },
    "batch": {
      "time": 10.388648509979248,
      "gen_tokens": 5000,
      "qps": 4.8129455869038615,
      "tps": 481.29455869038617
    },
    "vllm": {
      "time": 0.9369242191314697,
      "gen_tokens": 4562,
      "qps": 53.3661089968942,
      "tps": 4869.123784876627
    }
  }
}