{
  "n_prompts": 50,
  "max_new_tokens": 100,
  "batch_size": 8,
  "results": {
    "serial": {
      "time": 176.0683274269104,
      "gen_tokens": 4967,
      "qps": 0.28398066097808555,
      "tps": 28.210638861563016
    },
    "batch": {
      "time": 26.584408283233643,
      "gen_tokens": 4967,
      "qps": 1.8808016889935517,
      "tps": 186.8388397846194
    },
    "vllm": {
      "time": 2.5930557250976562,
      "gen_tokens": 4931,
      "qps": 19.28226976229636,
      "tps": 1901.617443957667
    }
  }
}