dataset,split,rows,positive_rate,sentence1_mean_len,sentence2_mean_len,sentence1_p95_len,sentence2_p95_len,sentence1_gt80,sentence2_gt80,duplicate_pair_rate,identical_text_rate
lcqmc,train,238766,0.5803757653937328,10.668177211160717,11.209585954449127,18.0,20.0,0,3,0.0026595076350903746,0.0007706289840262014
lcqmc,validation,8802,0.5001136105430584,12.41149738695751,12.575323790047717,19.0,19.0,0,0,0.0,0.0
lcqmc,test,12500,0.5,9.61608,9.81848,14.0,15.0,0,0,0.0,0.00024
bq_corpus,train,68960,0.4993909512761021,13.346142691415313,14.485600348027843,24.0,26.0,23,35,0.00017401392111371372,1.4501160092807425e-05
bq_corpus,validation,8620,0.5022041763341067,11.571461716937355,15.207308584686775,24.0,26.0,0,4,0.0,0.0
bq_corpus,test,8620,0.508352668213457,14.918329466357308,17.205916473317867,25.0,26.0,5,8,0.0,0.0
