{
  "n_prompts": 50,
  "max_new_tokens": 100,
  "batch_size": 8,
  "results": {
    "serial": {
      "time": 76.62840867042542,
      "gen_tokens": 3570,
      "qps": 0.6524995216205945,
      "tps": 46.588465843710445
    },
    "batch": {
      "time": 16.02380061149597,
      "gen_tokens": 3680,
      "qps": 3.120358347702383,
      "tps": 229.65837439089537
    },
    "vllm": {
      "time": 1.1160643100738525,
      "gen_tokens": 3342,
      "qps": 44.800285744010026,
      "tps": 2994.45109912963
    }
  }
}